Zone ID,Zone Name,Record Type,Record Name,Record Content,Matched Resource
8fd9427a3d318cf4db0e499eba4b78c8,stockx.io,A,secure.dev1.stockx.io,192.0.2.1,API Gateway (Custom Domain)
8fd9427a3d318cf4db0e499eba4b78c8,stockx.io,CNAME,address-book.dev1.stockx.io,dev-external-ingress-403bcf977a9de392.elb.us-east-1.amazonaws.com,Load Balancer
8fd9427a3d318cf4db0e499eba4b78c8,stockx.io,CNAME,alkaline-go-runner.dev1.stockx.io,dev-frontend-external-ingress-a179d7e2a5e860a8.elb.us-east-1.amazonaws.com,Load Balancer
8fd9427a3d318cf4db0e499eba4b78c8,stockx.io,CNAME,alkaline-nodejs-runner.dev1.stockx.io,dev-external-ingress-403bcf977a9de392.elb.us-east-1.amazonaws.com,Load Balancer
8fd9427a3d318cf4db0e499eba4b78c8,stockx.io,CNAME,api.dev1.stockx.io,d2r9dqg7oewzhg.cloudfront.net,API Gateway (Custom Domain)
8fd9427a3d318cf4db0e499eba4b78c8,stockx.io,CNAME,api-gateway-authorizer.dev1.stockx.io,dev-external-ingress-403bcf977a9de392.elb.us-east-1.amazonaws.com,Load Balancer
8fd9427a3d318cf4db0e499eba4b78c8,stockx.io,CNAME,api-gateway-authorizer.ipspace-sandbox.stockx.io,ipspace-external-nginx-841da77b1d844f17.elb.us-east-1.amazonaws.com,Load Balancer
8fd9427a3d318cf4db0e499eba4b78c8,stockx.io,CNAME,auth-image-collection.dev1.stockx.io,dev-external-ingress-403bcf977a9de392.elb.us-east-1.amazonaws.com,Load Balancer
8fd9427a3d318cf4db0e499eba4b78c8,stockx.io,CNAME,baker-app.dev1.stockx.io,dev-external-ingress-403bcf977a9de392.elb.us-east-1.amazonaws.com,Load Balancer
8fd9427a3d318cf4db0e499eba4b78c8,stockx.io,CNAME,batch.dev1.stockx.io,dev-external-ingress-403bcf977a9de392.elb.us-east-1.amazonaws.com,Load Balancer
8fd9427a3d318cf4db0e499eba4b78c8,stockx.io,CNAME,bid-ask-decorator.dev1.stockx.io,dev-external-ingress-403bcf977a9de392.elb.us-east-1.amazonaws.com,Load Balancer
8fd9427a3d318cf4db0e499eba4b78c8,stockx.io,CNAME,buyer-enforcement.dev1.stockx.io,dev-external-ingress-403bcf977a9de392.elb.us-east-1.amazonaws.com,Load Balancer
8fd9427a3d318cf4db0e499eba4b78c8,stockx.io,CNAME,buyer-policy.dev1.stockx.io,dev-external-ingress-403bcf977a9de392.elb.us-east-1.amazonaws.com,Load Balancer
8fd9427a3d318cf4db0e499eba4b78c8,stockx.io,CNAME,buyer-profile.dev1.stockx.io,dev-external-ingress-403bcf977a9de392.elb.us-east-1.amazonaws.com,Load Balancer
8fd9427a3d318cf4db0e499eba4b78c8,stockx.io,CNAME,buyer-resell-osm-order-updates-consumer.dev1.stockx.io,dev-external-ingress-403bcf977a9de392.elb.us-east-1.amazonaws.com,Load Balancer
8fd9427a3d318cf4db0e499eba4b78c8,stockx.io,CNAME,buy-fee-management.dev1.stockx.io,dev-external-ingress-403bcf977a9de392.elb.us-east-1.amazonaws.com,Load Balancer
8fd9427a3d318cf4db0e499eba4b78c8,stockx.io,CNAME,content-platform.dev1.stockx.io,dev-external-ingress-403bcf977a9de392.elb.us-east-1.amazonaws.com,Load Balancer
8fd9427a3d318cf4db0e499eba4b78c8,stockx.io,CNAME,crystal.dev1.stockx.io,dev-external-ingress-403bcf977a9de392.elb.us-east-1.amazonaws.com,Load Balancer
8fd9427a3d318cf4db0e499eba4b78c8,stockx.io,CNAME,cs-coordinator.dev1.stockx.io,dev-external-ingress-403bcf977a9de392.elb.us-east-1.amazonaws.com,Load Balancer
8fd9427a3d318cf4db0e499eba4b78c8,stockx.io,CNAME,cs-sync.dev1.stockx.io,dev-external-ingress-403bcf977a9de392.elb.us-east-1.amazonaws.com,Load Balancer
8fd9427a3d318cf4db0e499eba4b78c8,stockx.io,CNAME,currency.dev1.stockx.io,dev-external-ingress-403bcf977a9de392.elb.us-east-1.amazonaws.com,Load Balancer
8fd9427a3d318cf4db0e499eba4b78c8,stockx.io,CNAME,customer-audiences.dev1.stockx.io,dev-external-ingress-403bcf977a9de392.elb.us-east-1.amazonaws.com,Load Balancer
8fd9427a3d318cf4db0e499eba4b78c8,stockx.io,CNAME,customer-documents.dev1.stockx.io,dev-external-ingress-403bcf977a9de392.elb.us-east-1.amazonaws.com,Load Balancer
8fd9427a3d318cf4db0e499eba4b78c8,stockx.io,CNAME,dev-external-ingress.dev1.stockx.io,dev-external-ingress-403bcf977a9de392.elb.us-east-1.amazonaws.com,Load Balancer
8fd9427a3d318cf4db0e499eba4b78c8,stockx.io,CNAME,digital-ownership.dev1.stockx.io,dev-external-ingress-403bcf977a9de392.elb.us-east-1.amazonaws.com,Load Balancer
8fd9427a3d318cf4db0e499eba4b78c8,stockx.io,CNAME,digital-ownership-query.dev1.stockx.io,dev-external-ingress-403bcf977a9de392.elb.us-east-1.amazonaws.com,Load Balancer
8fd9427a3d318cf4db0e499eba4b78c8,stockx.io,CNAME,drc-admin.dev1.stockx.io,dev-external-ingress-403bcf977a9de392.elb.us-east-1.amazonaws.com,Load Balancer
8fd9427a3d318cf4db0e499eba4b78c8,stockx.io,CNAME,edge-platform-addresses.dev1.stockx.io,dev-external-ingress-403bcf977a9de392.elb.us-east-1.amazonaws.com,Load Balancer
8fd9427a3d318cf4db0e499eba4b78c8,stockx.io,CNAME,edge-platform-ads.dev1.stockx.io,dev-external-ingress-403bcf977a9de392.elb.us-east-1.amazonaws.com,Load Balancer
8fd9427a3d318cf4db0e499eba4b78c8,stockx.io,CNAME,edge-platform-analytics.dev1.stockx.io,dev-external-ingress-403bcf977a9de392.elb.us-east-1.amazonaws.com,Load Balancer
8fd9427a3d318cf4db0e499eba4b78c8,stockx.io,CNAME,edge-platform-asks.dev1.stockx.io,dev-external-ingress-403bcf977a9de392.elb.us-east-1.amazonaws.com,Load Balancer
8fd9427a3d318cf4db0e499eba4b78c8,stockx.io,CNAME,edge-platform-automations.dev1.stockx.io,dev-external-ingress-403bcf977a9de392.elb.us-east-1.amazonaws.com,Load Balancer
8fd9427a3d318cf4db0e499eba4b78c8,stockx.io,CNAME,edge-platform-banners.dev1.stockx.io,dev-external-ingress-403bcf977a9de392.elb.us-east-1.amazonaws.com,Load Balancer
8fd9427a3d318cf4db0e499eba4b78c8,stockx.io,CNAME,edge-platform-bids.dev1.stockx.io,dev-external-ingress-403bcf977a9de392.elb.us-east-1.amazonaws.com,Load Balancer
8fd9427a3d318cf4db0e499eba4b78c8,stockx.io,CNAME,edge-platform-buyer.dev1.stockx.io,dev-external-ingress-403bcf977a9de392.elb.us-east-1.amazonaws.com,Load Balancer
8fd9427a3d318cf4db0e499eba4b78c8,stockx.io,CNAME,edge-platform-compliance.dev1.stockx.io,dev-external-ingress-403bcf977a9de392.elb.us-east-1.amazonaws.com,Load Balancer
8fd9427a3d318cf4db0e499eba4b78c8,stockx.io,CNAME,edge-platform-countries.dev1.stockx.io,dev-external-ingress-403bcf977a9de392.elb.us-east-1.amazonaws.com,Load Balancer
8fd9427a3d318cf4db0e499eba4b78c8,stockx.io,CNAME,edge-platform-cs.dev1.stockx.io,dev-external-ingress-403bcf977a9de392.elb.us-east-1.amazonaws.com,Load Balancer
8fd9427a3d318cf4db0e499eba4b78c8,stockx.io,CNAME,edge-platform-delivery.dev1.stockx.io,dev-external-ingress-403bcf977a9de392.elb.us-east-1.amazonaws.com,Load Balancer
8fd9427a3d318cf4db0e499eba4b78c8,stockx.io,CNAME,edge-platform.dev1.stockx.io,dev-external-ingress-403bcf977a9de392.elb.us-east-1.amazonaws.com,Load Balancer
8fd9427a3d318cf4db0e499eba4b78c8,stockx.io,CNAME,edge-platform-digital-ownership.dev1.stockx.io,dev-external-ingress-403bcf977a9de392.elb.us-east-1.amazonaws.com,Load Balancer
8fd9427a3d318cf4db0e499eba4b78c8,stockx.io,CNAME,edge-platform-discount-codes.dev1.stockx.io,dev-external-ingress-403bcf977a9de392.elb.us-east-1.amazonaws.com,Load Balancer
8fd9427a3d318cf4db0e499eba4b78c8,stockx.io,CNAME,edge-platform-discovery.dev1.stockx.io,dev-external-ingress-403bcf977a9de392.elb.us-east-1.amazonaws.com,Load Balancer
8fd9427a3d318cf4db0e499eba4b78c8,stockx.io,CNAME,edge-platform-dynamic-landing-page.dev1.stockx.io,dev-external-ingress-403bcf977a9de392.elb.us-east-1.amazonaws.com,Load Balancer
8fd9427a3d318cf4db0e499eba4b78c8,stockx.io,CNAME,edge-platform-experiments.dev1.stockx.io,dev-external-ingress-403bcf977a9de392.elb.us-east-1.amazonaws.com,Load Balancer
8fd9427a3d318cf4db0e499eba4b78c8,stockx.io,CNAME,edge-platform-finances.dev1.stockx.io,dev-external-ingress-403bcf977a9de392.elb.us-east-1.amazonaws.com,Load Balancer
8fd9427a3d318cf4db0e499eba4b78c8,stockx.io,CNAME,edge-platform-gatekeeper.dev1.stockx.io,dev-external-ingress-403bcf977a9de392.elb.us-east-1.amazonaws.com,Load Balancer
8fd9427a3d318cf4db0e499eba4b78c8,stockx.io,CNAME,edge-platform-gift-cards.dev1.stockx.io,dev-external-ingress-403bcf977a9de392.elb.us-east-1.amazonaws.com,Load Balancer
8fd9427a3d318cf4db0e499eba4b78c8,stockx.io,CNAME,edge-platform-inbox.dev1.stockx.io,dev-external-ingress-403bcf977a9de392.elb.us-east-1.amazonaws.com,Load Balancer
8fd9427a3d318cf4db0e499eba4b78c8,stockx.io,CNAME,edge-platform-layout.dev1.stockx.io,dev-external-ingress-403bcf977a9de392.elb.us-east-1.amazonaws.com,Load Balancer
8fd9427a3d318cf4db0e499eba4b78c8,stockx.io,CNAME,edge-platform-listings.dev1.stockx.io,dev-external-ingress-403bcf977a9de392.elb.us-east-1.amazonaws.com,Load Balancer
8fd9427a3d318cf4db0e499eba4b78c8,stockx.io,CNAME,edge-platform-lists.dev1.stockx.io,dev-external-ingress-403bcf977a9de392.elb.us-east-1.amazonaws.com,Load Balancer
8fd9427a3d318cf4db0e499eba4b78c8,stockx.io,CNAME,edge-platform-location.dev1.stockx.io,dev-external-ingress-403bcf977a9de392.elb.us-east-1.amazonaws.com,Load Balancer
8fd9427a3d318cf4db0e499eba4b78c8,stockx.io,CNAME,edge-platform-logistics-rules-engine.dev1.stockx.io,dev-external-ingress-403bcf977a9de392.elb.us-east-1.amazonaws.com,Load Balancer
8fd9427a3d318cf4db0e499eba4b78c8,stockx.io,CNAME,edge-platform-manifest.dev1.stockx.io,dev-external-ingress-403bcf977a9de392.elb.us-east-1.amazonaws.com,Load Balancer
8fd9427a3d318cf4db0e499eba4b78c8,stockx.io,CNAME,edge-platform-market.dev1.stockx.io,dev-external-ingress-403bcf977a9de392.elb.us-east-1.amazonaws.com,Load Balancer
8fd9427a3d318cf4db0e499eba4b78c8,stockx.io,CNAME,edge-platform-meta-tags-override.dev1.stockx.io,dev-external-ingress-403bcf977a9de392.elb.us-east-1.amazonaws.com,Load Balancer
8fd9427a3d318cf4db0e499eba4b78c8,stockx.io,CNAME,edge-platform-news.dev1.stockx.io,dev-external-ingress-403bcf977a9de392.elb.us-east-1.amazonaws.com,Load Balancer
8fd9427a3d318cf4db0e499eba4b78c8,stockx.io,CNAME,edge-platform-nft-management.dev1.stockx.io,dev-external-ingress-403bcf977a9de392.elb.us-east-1.amazonaws.com,Load Balancer
8fd9427a3d318cf4db0e499eba4b78c8,stockx.io,CNAME,edge-platform-notification-subscriptions.dev1.stockx.io,dev-external-ingress-403bcf977a9de392.elb.us-east-1.amazonaws.com,Load Balancer
8fd9427a3d318cf4db0e499eba4b78c8,stockx.io,CNAME,edge-platform-onboarding.dev1.stockx.io,dev-external-ingress-403bcf977a9de392.elb.us-east-1.amazonaws.com,Load Balancer
8fd9427a3d318cf4db0e499eba4b78c8,stockx.io,CNAME,edge-platform-order.dev1.stockx.io,dev-external-ingress-403bcf977a9de392.elb.us-east-1.amazonaws.com,Load Balancer
8fd9427a3d318cf4db0e499eba4b78c8,stockx.io,CNAME,edge-platform-payments.dev1.stockx.io,dev-external-ingress-403bcf977a9de392.elb.us-east-1.amazonaws.com,Load Balancer
8fd9427a3d318cf4db0e499eba4b78c8,stockx.io,CNAME,edge-platform-portfolio-item.dev1.stockx.io,dev-external-ingress-403bcf977a9de392.elb.us-east-1.amazonaws.com,Load Balancer
8fd9427a3d318cf4db0e499eba4b78c8,stockx.io,CNAME,edge-platform-pricing.dev1.stockx.io,dev-external-ingress-403bcf977a9de392.elb.us-east-1.amazonaws.com,Load Balancer
8fd9427a3d318cf4db0e499eba4b78c8,stockx.io,CNAME,edge-platform-pricing-guidance.dev1.stockx.io,dev-external-ingress-403bcf977a9de392.elb.us-east-1.amazonaws.com,Load Balancer
8fd9427a3d318cf4db0e499eba4b78c8,stockx.io,CNAME,edge-platform-product-listings.dev1.stockx.io,dev-external-ingress-403bcf977a9de392.elb.us-east-1.amazonaws.com,Load Balancer
8fd9427a3d318cf4db0e499eba4b78c8,stockx.io,CNAME,edge-platform-products.dev1.stockx.io,dev-external-ingress-403bcf977a9de392.elb.us-east-1.amazonaws.com,Load Balancer
8fd9427a3d318cf4db0e499eba4b78c8,stockx.io,CNAME,edge-platform-promotions.dev1.stockx.io,dev-external-ingress-403bcf977a9de392.elb.us-east-1.amazonaws.com,Load Balancer
8fd9427a3d318cf4db0e499eba4b78c8,stockx.io,CNAME,edge-platform-proxy.dev1.stockx.io,dev-external-ingress-403bcf977a9de392.elb.us-east-1.amazonaws.com,Load Balancer
8fd9427a3d318cf4db0e499eba4b78c8,stockx.io,CNAME,edge-platform-seller.dev1.stockx.io,dev-external-ingress-403bcf977a9de392.elb.us-east-1.amazonaws.com,Load Balancer
8fd9427a3d318cf4db0e499eba4b78c8,stockx.io,CNAME,edge-platform-shipments.dev1.stockx.io,dev-external-ingress-403bcf977a9de392.elb.us-east-1.amazonaws.com,Load Balancer
8fd9427a3d318cf4db0e499eba4b78c8,stockx.io,CNAME,edge-platform-user.dev1.stockx.io,dev-external-ingress-403bcf977a9de392.elb.us-east-1.amazonaws.com,Load Balancer
8fd9427a3d318cf4db0e499eba4b78c8,stockx.io,CNAME,edge-platform-user-prize.dev1.stockx.io,dev-external-ingress-403bcf977a9de392.elb.us-east-1.amazonaws.com,Load Balancer
8fd9427a3d318cf4db0e499eba4b78c8,stockx.io,CNAME,encore-backend.dev1.stockx.io,dev-external-ingress-403bcf977a9de392.elb.us-east-1.amazonaws.com,Load Balancer
8fd9427a3d318cf4db0e499eba4b78c8,stockx.io,CNAME,encore.dev1.stockx.io,dev-frontend-external-ingress-a179d7e2a5e860a8.elb.us-east-1.amazonaws.com,Load Balancer
8fd9427a3d318cf4db0e499eba4b78c8,stockx.io,CNAME,engtools-backend.dev1.stockx.io,dev-external-ingress-403bcf977a9de392.elb.us-east-1.amazonaws.com,Load Balancer
8fd9427a3d318cf4db0e499eba4b78c8,stockx.io,CNAME,engtools.dev1.stockx.io,dev-frontend-external-ingress-a179d7e2a5e860a8.elb.us-east-1.amazonaws.com,Load Balancer
8fd9427a3d318cf4db0e499eba4b78c8,stockx.io,CNAME,event-processor.dev1.stockx.io,dev-external-ingress-403bcf977a9de392.elb.us-east-1.amazonaws.com,Load Balancer
8fd9427a3d318cf4db0e499eba4b78c8,stockx.io,CNAME,event-processor-market-consumer.dev1.stockx.io,dev-external-ingress-403bcf977a9de392.elb.us-east-1.amazonaws.com,Load Balancer
8fd9427a3d318cf4db0e499eba4b78c8,stockx.io,CNAME,fakebook-api.dev1.stockx.io,dev-external-ingress-403bcf977a9de392.elb.us-east-1.amazonaws.com,Load Balancer
8fd9427a3d318cf4db0e499eba4b78c8,stockx.io,CNAME,gatekeeper.dev1.stockx.io,dev-external-ingress-403bcf977a9de392.elb.us-east-1.amazonaws.com,Load Balancer
8fd9427a3d318cf4db0e499eba4b78c8,stockx.io,CNAME,gateway-aws.dev1.stockx.io,d-ukrpsv342d.execute-api.us-east-1.amazonaws.com,API Gateway (Custom Domain)
8fd9427a3d318cf4db0e499eba4b78c8,stockx.io,CNAME,gateway.dev1.stockx.io,d-ukrpsv342d.execute-api.us-east-1.amazonaws.com,API Gateway (Custom Domain)
8fd9427a3d318cf4db0e499eba4b78c8,stockx.io,CNAME,gateway-gloo.dev1.stockx.io,dev-sandbox-redux-gloo-lb-52d75bf27dcbc8b5.elb.us-east-1.amazonaws.com,Load Balancer
8fd9427a3d318cf4db0e499eba4b78c8,stockx.io,CNAME,gloo-gateway.ipspace.stockx.io,ipspace-sandbox-gloo-lb-2de6d9bc2549d4e2.elb.us-east-1.amazonaws.com,Load Balancer
8fd9427a3d318cf4db0e499eba4b78c8,stockx.io,CNAME,grails-web.dev1.stockx.io,dev-external-ingress-403bcf977a9de392.elb.us-east-1.amazonaws.com,Load Balancer
8fd9427a3d318cf4db0e499eba4b78c8,stockx.io,CNAME,help.dev1.stockx.io,dev-frontend-external-ingress-a179d7e2a5e860a8.elb.us-east-1.amazonaws.com,Load Balancer
8fd9427a3d318cf4db0e499eba4b78c8,stockx.io,CNAME,html-to-pdf.dev1.stockx.io,dev-external-ingress-403bcf977a9de392.elb.us-east-1.amazonaws.com,Load Balancer
8fd9427a3d318cf4db0e499eba4b78c8,stockx.io,CNAME,image-search.dev1.stockx.io,dev-external-ingress-403bcf977a9de392.elb.us-east-1.amazonaws.com,Load Balancer
8fd9427a3d318cf4db0e499eba4b78c8,stockx.io,CNAME,intake.dev1.stockx.io,dev-frontend-external-ingress-a179d7e2a5e860a8.elb.us-east-1.amazonaws.com,Load Balancer
8fd9427a3d318cf4db0e499eba4b78c8,stockx.io,CNAME,international-holiday-calendar.dev1.stockx.io,dev-external-ingress-403bcf977a9de392.elb.us-east-1.amazonaws.com,Load Balancer
8fd9427a3d318cf4db0e499eba4b78c8,stockx.io,CNAME,inventory-api.dev1.stockx.io,dev-external-ingress-403bcf977a9de392.elb.us-east-1.amazonaws.com,Load Balancer
8fd9427a3d318cf4db0e499eba4b78c8,stockx.io,CNAME,iron.dev1.stockx.io,dev-frontend-external-ingress-a179d7e2a5e860a8.elb.us-east-1.amazonaws.com,Load Balancer
8fd9427a3d318cf4db0e499eba4b78c8,stockx.io,CNAME,iron-pr-13676.dev1.stockx.io,dev-external-ingress-403bcf977a9de392.elb.us-east-1.amazonaws.com,Load Balancer
8fd9427a3d318cf4db0e499eba4b78c8,stockx.io,CNAME,iron-pr-13847.dev1.stockx.io,dev-frontend-external-ingress-a179d7e2a5e860a8.elb.us-east-1.amazonaws.com,Load Balancer
8fd9427a3d318cf4db0e499eba4b78c8,stockx.io,CNAME,iron-pr-14030.dev1.stockx.io,dev-frontend-external-ingress-a179d7e2a5e860a8.elb.us-east-1.amazonaws.com,Load Balancer
8fd9427a3d318cf4db0e499eba4b78c8,stockx.io,CNAME,iron-pr-14044.dev1.stockx.io,dev-frontend-external-ingress-a179d7e2a5e860a8.elb.us-east-1.amazonaws.com,Load Balancer
8fd9427a3d318cf4db0e499eba4b78c8,stockx.io,CNAME,iron-pr-14084.dev1.stockx.io,dev-frontend-external-ingress-a179d7e2a5e860a8.elb.us-east-1.amazonaws.com,Load Balancer
8fd9427a3d318cf4db0e499eba4b78c8,stockx.io,CNAME,iron-pr-14104.dev1.stockx.io,dev-frontend-external-ingress-a179d7e2a5e860a8.elb.us-east-1.amazonaws.com,Load Balancer
8fd9427a3d318cf4db0e499eba4b78c8,stockx.io,CNAME,iron-pr-14109.dev1.stockx.io,dev-frontend-external-ingress-a179d7e2a5e860a8.elb.us-east-1.amazonaws.com,Load Balancer
8fd9427a3d318cf4db0e499eba4b78c8,stockx.io,CNAME,iron-pr-14125.dev1.stockx.io,dev-frontend-external-ingress-a179d7e2a5e860a8.elb.us-east-1.amazonaws.com,Load Balancer
8fd9427a3d318cf4db0e499eba4b78c8,stockx.io,CNAME,iron-pr-14129.dev1.stockx.io,dev-frontend-external-ingress-a179d7e2a5e860a8.elb.us-east-1.amazonaws.com,Load Balancer
8fd9427a3d318cf4db0e499eba4b78c8,stockx.io,CNAME,iron-pr-14157.dev1.stockx.io,dev-frontend-external-ingress-a179d7e2a5e860a8.elb.us-east-1.amazonaws.com,Load Balancer
8fd9427a3d318cf4db0e499eba4b78c8,stockx.io,CNAME,iron-pr-14172.dev1.stockx.io,dev-frontend-external-ingress-a179d7e2a5e860a8.elb.us-east-1.amazonaws.com,Load Balancer
8fd9427a3d318cf4db0e499eba4b78c8,stockx.io,CNAME,iron-pr-14180.dev1.stockx.io,dev-frontend-external-ingress-a179d7e2a5e860a8.elb.us-east-1.amazonaws.com,Load Balancer
8fd9427a3d318cf4db0e499eba4b78c8,stockx.io,CNAME,iron-pr-14190.dev1.stockx.io,dev-frontend-external-ingress-a179d7e2a5e860a8.elb.us-east-1.amazonaws.com,Load Balancer
8fd9427a3d318cf4db0e499eba4b78c8,stockx.io,CNAME,iron-pr-14197.dev1.stockx.io,dev-frontend-external-ingress-a179d7e2a5e860a8.elb.us-east-1.amazonaws.com,Load Balancer
8fd9427a3d318cf4db0e499eba4b78c8,stockx.io,CNAME,iron-pr-14217.dev1.stockx.io,dev-frontend-external-ingress-a179d7e2a5e860a8.elb.us-east-1.amazonaws.com,Load Balancer
8fd9427a3d318cf4db0e499eba4b78c8,stockx.io,CNAME,iron-pr-14219.dev1.stockx.io,dev-frontend-external-ingress-a179d7e2a5e860a8.elb.us-east-1.amazonaws.com,Load Balancer
8fd9427a3d318cf4db0e499eba4b78c8,stockx.io,CNAME,iron-pr-14232.dev1.stockx.io,dev-frontend-external-ingress-a179d7e2a5e860a8.elb.us-east-1.amazonaws.com,Load Balancer
8fd9427a3d318cf4db0e499eba4b78c8,stockx.io,CNAME,iron-pr-14243.dev1.stockx.io,dev-frontend-external-ingress-a179d7e2a5e860a8.elb.us-east-1.amazonaws.com,Load Balancer
8fd9427a3d318cf4db0e499eba4b78c8,stockx.io,CNAME,iron-pr-14256.dev1.stockx.io,dev-frontend-external-ingress-a179d7e2a5e860a8.elb.us-east-1.amazonaws.com,Load Balancer
8fd9427a3d318cf4db0e499eba4b78c8,stockx.io,CNAME,iron-pr-14289.dev1.stockx.io,dev-frontend-external-ingress-a179d7e2a5e860a8.elb.us-east-1.amazonaws.com,Load Balancer
8fd9427a3d318cf4db0e499eba4b78c8,stockx.io,CNAME,iron-pr-14300.dev1.stockx.io,dev-frontend-external-ingress-a179d7e2a5e860a8.elb.us-east-1.amazonaws.com,Load Balancer
8fd9427a3d318cf4db0e499eba4b78c8,stockx.io,CNAME,iron-pr-14314.dev1.stockx.io,dev-frontend-external-ingress-a179d7e2a5e860a8.elb.us-east-1.amazonaws.com,Load Balancer
8fd9427a3d318cf4db0e499eba4b78c8,stockx.io,CNAME,iron-pr-14355.dev1.stockx.io,dev-frontend-external-ingress-a179d7e2a5e860a8.elb.us-east-1.amazonaws.com,Load Balancer
8fd9427a3d318cf4db0e499eba4b78c8,stockx.io,CNAME,iron-pr-14363.dev1.stockx.io,dev-frontend-external-ingress-a179d7e2a5e860a8.elb.us-east-1.amazonaws.com,Load Balancer
8fd9427a3d318cf4db0e499eba4b78c8,stockx.io,CNAME,iron-pr-14378.dev1.stockx.io,dev-frontend-external-ingress-a179d7e2a5e860a8.elb.us-east-1.amazonaws.com,Load Balancer
8fd9427a3d318cf4db0e499eba4b78c8,stockx.io,CNAME,iron-pr-14391.dev1.stockx.io,dev-frontend-external-ingress-a179d7e2a5e860a8.elb.us-east-1.amazonaws.com,Load Balancer
8fd9427a3d318cf4db0e499eba4b78c8,stockx.io,CNAME,iron-pr-14403.dev1.stockx.io,dev-frontend-external-ingress-a179d7e2a5e860a8.elb.us-east-1.amazonaws.com,Load Balancer
8fd9427a3d318cf4db0e499eba4b78c8,stockx.io,CNAME,iron-pr-14449.dev1.stockx.io,dev-frontend-external-ingress-a179d7e2a5e860a8.elb.us-east-1.amazonaws.com,Load Balancer
8fd9427a3d318cf4db0e499eba4b78c8,stockx.io,CNAME,iron-pr-14477.dev1.stockx.io,dev-frontend-external-ingress-a179d7e2a5e860a8.elb.us-east-1.amazonaws.com,Load Balancer
8fd9427a3d318cf4db0e499eba4b78c8,stockx.io,CNAME,iron-pr-14480.dev1.stockx.io,dev-frontend-external-ingress-a179d7e2a5e860a8.elb.us-east-1.amazonaws.com,Load Balancer
8fd9427a3d318cf4db0e499eba4b78c8,stockx.io,CNAME,iron-pr-14484.dev1.stockx.io,dev-frontend-external-ingress-a179d7e2a5e860a8.elb.us-east-1.amazonaws.com,Load Balancer
8fd9427a3d318cf4db0e499eba4b78c8,stockx.io,CNAME,iron-pr-14485.dev1.stockx.io,dev-frontend-external-ingress-a179d7e2a5e860a8.elb.us-east-1.amazonaws.com,Load Balancer
8fd9427a3d318cf4db0e499eba4b78c8,stockx.io,CNAME,iron-pr-14518.dev1.stockx.io,dev-frontend-external-ingress-a179d7e2a5e860a8.elb.us-east-1.amazonaws.com,Load Balancer
8fd9427a3d318cf4db0e499eba4b78c8,stockx.io,CNAME,iron-pr-14539.dev1.stockx.io,dev-frontend-external-ingress-a179d7e2a5e860a8.elb.us-east-1.amazonaws.com,Load Balancer
8fd9427a3d318cf4db0e499eba4b78c8,stockx.io,CNAME,iron-pr-14575.dev1.stockx.io,dev-frontend-external-ingress-a179d7e2a5e860a8.elb.us-east-1.amazonaws.com,Load Balancer
8fd9427a3d318cf4db0e499eba4b78c8,stockx.io,CNAME,iron-pr-14579.dev1.stockx.io,dev-frontend-external-ingress-a179d7e2a5e860a8.elb.us-east-1.amazonaws.com,Load Balancer
8fd9427a3d318cf4db0e499eba4b78c8,stockx.io,CNAME,iron-pr-14584.dev1.stockx.io,dev-frontend-external-ingress-a179d7e2a5e860a8.elb.us-east-1.amazonaws.com,Load Balancer
8fd9427a3d318cf4db0e499eba4b78c8,stockx.io,CNAME,iron-pr-14594.dev1.stockx.io,dev-frontend-external-ingress-a179d7e2a5e860a8.elb.us-east-1.amazonaws.com,Load Balancer
8fd9427a3d318cf4db0e499eba4b78c8,stockx.io,CNAME,iron-pr-14635.dev1.stockx.io,dev-frontend-external-ingress-a179d7e2a5e860a8.elb.us-east-1.amazonaws.com,Load Balancer
8fd9427a3d318cf4db0e499eba4b78c8,stockx.io,CNAME,iron-pr-14666.dev1.stockx.io,dev-frontend-external-ingress-a179d7e2a5e860a8.elb.us-east-1.amazonaws.com,Load Balancer
8fd9427a3d318cf4db0e499eba4b78c8,stockx.io,CNAME,iron-pr-14685.dev1.stockx.io,dev-frontend-external-ingress-a179d7e2a5e860a8.elb.us-east-1.amazonaws.com,Load Balancer
8fd9427a3d318cf4db0e499eba4b78c8,stockx.io,CNAME,iron-pr-14734.dev1.stockx.io,dev-frontend-external-ingress-a179d7e2a5e860a8.elb.us-east-1.amazonaws.com,Load Balancer
8fd9427a3d318cf4db0e499eba4b78c8,stockx.io,CNAME,iron-pr-14750.dev1.stockx.io,dev-frontend-external-ingress-a179d7e2a5e860a8.elb.us-east-1.amazonaws.com,Load Balancer
8fd9427a3d318cf4db0e499eba4b78c8,stockx.io,CNAME,iron-pr-14811.dev1.stockx.io,dev-frontend-external-ingress-a179d7e2a5e860a8.elb.us-east-1.amazonaws.com,Load Balancer
8fd9427a3d318cf4db0e499eba4b78c8,stockx.io,CNAME,iron-pr-14813.dev1.stockx.io,dev-frontend-external-ingress-a179d7e2a5e860a8.elb.us-east-1.amazonaws.com,Load Balancer
8fd9427a3d318cf4db0e499eba4b78c8,stockx.io,CNAME,iron-pr-14823.dev1.stockx.io,dev-frontend-external-ingress-a179d7e2a5e860a8.elb.us-east-1.amazonaws.com,Load Balancer
8fd9427a3d318cf4db0e499eba4b78c8,stockx.io,CNAME,iron-pr-14825.dev1.stockx.io,dev-frontend-external-ingress-a179d7e2a5e860a8.elb.us-east-1.amazonaws.com,Load Balancer
8fd9427a3d318cf4db0e499eba4b78c8,stockx.io,CNAME,iron-pr-14857.dev1.stockx.io,dev-frontend-external-ingress-a179d7e2a5e860a8.elb.us-east-1.amazonaws.com,Load Balancer
8fd9427a3d318cf4db0e499eba4b78c8,stockx.io,CNAME,iron-pr-14895.dev1.stockx.io,dev-frontend-external-ingress-a179d7e2a5e860a8.elb.us-east-1.amazonaws.com,Load Balancer
8fd9427a3d318cf4db0e499eba4b78c8,stockx.io,CNAME,iron-pr-14911.dev1.stockx.io,dev-frontend-external-ingress-a179d7e2a5e860a8.elb.us-east-1.amazonaws.com,Load Balancer
8fd9427a3d318cf4db0e499eba4b78c8,stockx.io,CNAME,iron-pr-14913.dev1.stockx.io,dev-frontend-external-ingress-a179d7e2a5e860a8.elb.us-east-1.amazonaws.com,Load Balancer
8fd9427a3d318cf4db0e499eba4b78c8,stockx.io,CNAME,iron-pr-14930.dev1.stockx.io,dev-frontend-external-ingress-a179d7e2a5e860a8.elb.us-east-1.amazonaws.com,Load Balancer
8fd9427a3d318cf4db0e499eba4b78c8,stockx.io,CNAME,iron-pr-14931.dev1.stockx.io,dev-frontend-external-ingress-a179d7e2a5e860a8.elb.us-east-1.amazonaws.com,Load Balancer
8fd9427a3d318cf4db0e499eba4b78c8,stockx.io,CNAME,iron-pr-14935.dev1.stockx.io,dev-frontend-external-ingress-a179d7e2a5e860a8.elb.us-east-1.amazonaws.com,Load Balancer
8fd9427a3d318cf4db0e499eba4b78c8,stockx.io,CNAME,iron-pr-14948.dev1.stockx.io,dev-frontend-external-ingress-a179d7e2a5e860a8.elb.us-east-1.amazonaws.com,Load Balancer
8fd9427a3d318cf4db0e499eba4b78c8,stockx.io,CNAME,iron-pr-14952.dev1.stockx.io,dev-frontend-external-ingress-a179d7e2a5e860a8.elb.us-east-1.amazonaws.com,Load Balancer
8fd9427a3d318cf4db0e499eba4b78c8,stockx.io,CNAME,iron-pr-15000.dev1.stockx.io,dev-frontend-external-ingress-a179d7e2a5e860a8.elb.us-east-1.amazonaws.com,Load Balancer
8fd9427a3d318cf4db0e499eba4b78c8,stockx.io,CNAME,iron-pr-15056.dev1.stockx.io,dev-frontend-external-ingress-a179d7e2a5e860a8.elb.us-east-1.amazonaws.com,Load Balancer
8fd9427a3d318cf4db0e499eba4b78c8,stockx.io,CNAME,iron-pr-15088.dev1.stockx.io,dev-frontend-external-ingress-a179d7e2a5e860a8.elb.us-east-1.amazonaws.com,Load Balancer
8fd9427a3d318cf4db0e499eba4b78c8,stockx.io,CNAME,iron-pr-15140.dev1.stockx.io,dev-frontend-external-ingress-a179d7e2a5e860a8.elb.us-east-1.amazonaws.com,Load Balancer
8fd9427a3d318cf4db0e499eba4b78c8,stockx.io,CNAME,iron-pr-15240.dev1.stockx.io,dev-frontend-external-ingress-a179d7e2a5e860a8.elb.us-east-1.amazonaws.com,Load Balancer
8fd9427a3d318cf4db0e499eba4b78c8,stockx.io,CNAME,iron-pr-15272.dev1.stockx.io,dev-frontend-external-ingress-a179d7e2a5e860a8.elb.us-east-1.amazonaws.com,Load Balancer
8fd9427a3d318cf4db0e499eba4b78c8,stockx.io,CNAME,iron-pr-15296.dev1.stockx.io,dev-frontend-external-ingress-a179d7e2a5e860a8.elb.us-east-1.amazonaws.com,Load Balancer
8fd9427a3d318cf4db0e499eba4b78c8,stockx.io,CNAME,iron-pr-15310.dev1.stockx.io,dev-frontend-external-ingress-a179d7e2a5e860a8.elb.us-east-1.amazonaws.com,Load Balancer
8fd9427a3d318cf4db0e499eba4b78c8,stockx.io,CNAME,iron-pr-15342.dev1.stockx.io,dev-frontend-external-ingress-a179d7e2a5e860a8.elb.us-east-1.amazonaws.com,Load Balancer
8fd9427a3d318cf4db0e499eba4b78c8,stockx.io,CNAME,iron-pr-15362.dev1.stockx.io,dev-frontend-external-ingress-a179d7e2a5e860a8.elb.us-east-1.amazonaws.com,Load Balancer
8fd9427a3d318cf4db0e499eba4b78c8,stockx.io,CNAME,iron-pr-15381.dev1.stockx.io,dev-frontend-external-ingress-a179d7e2a5e860a8.elb.us-east-1.amazonaws.com,Load Balancer
8fd9427a3d318cf4db0e499eba4b78c8,stockx.io,CNAME,iron-pr-15414.dev1.stockx.io,dev-frontend-external-ingress-a179d7e2a5e860a8.elb.us-east-1.amazonaws.com,Load Balancer
8fd9427a3d318cf4db0e499eba4b78c8,stockx.io,CNAME,iron-pr-15445.dev1.stockx.io,dev-frontend-external-ingress-a179d7e2a5e860a8.elb.us-east-1.amazonaws.com,Load Balancer
8fd9427a3d318cf4db0e499eba4b78c8,stockx.io,CNAME,iron-pr-15476.dev1.stockx.io,dev-frontend-external-ingress-a179d7e2a5e860a8.elb.us-east-1.amazonaws.com,Load Balancer
8fd9427a3d318cf4db0e499eba4b78c8,stockx.io,CNAME,iron-pr-15482.dev1.stockx.io,dev-frontend-external-ingress-a179d7e2a5e860a8.elb.us-east-1.amazonaws.com,Load Balancer
8fd9427a3d318cf4db0e499eba4b78c8,stockx.io,CNAME,iron-pr-15554.dev1.stockx.io,dev-frontend-external-ingress-a179d7e2a5e860a8.elb.us-east-1.amazonaws.com,Load Balancer
8fd9427a3d318cf4db0e499eba4b78c8,stockx.io,CNAME,iron-pr-15586.dev1.stockx.io,dev-frontend-external-ingress-a179d7e2a5e860a8.elb.us-east-1.amazonaws.com,Load Balancer
8fd9427a3d318cf4db0e499eba4b78c8,stockx.io,CNAME,iron-pr-15611.dev1.stockx.io,dev-frontend-external-ingress-a179d7e2a5e860a8.elb.us-east-1.amazonaws.com,Load Balancer
8fd9427a3d318cf4db0e499eba4b78c8,stockx.io,CNAME,iron-pr-15659.dev1.stockx.io,dev-frontend-external-ingress-a179d7e2a5e860a8.elb.us-east-1.amazonaws.com,Load Balancer
8fd9427a3d318cf4db0e499eba4b78c8,stockx.io,CNAME,iron-pr-15690.dev1.stockx.io,dev-frontend-external-ingress-a179d7e2a5e860a8.elb.us-east-1.amazonaws.com,Load Balancer
8fd9427a3d318cf4db0e499eba4b78c8,stockx.io,CNAME,iron-pr-15693.dev1.stockx.io,dev-frontend-external-ingress-a179d7e2a5e860a8.elb.us-east-1.amazonaws.com,Load Balancer
8fd9427a3d318cf4db0e499eba4b78c8,stockx.io,CNAME,iron-pr-15711.dev1.stockx.io,dev-frontend-external-ingress-a179d7e2a5e860a8.elb.us-east-1.amazonaws.com,Load Balancer
8fd9427a3d318cf4db0e499eba4b78c8,stockx.io,CNAME,iron-pr-15720.dev1.stockx.io,dev-frontend-external-ingress-a179d7e2a5e860a8.elb.us-east-1.amazonaws.com,Load Balancer
8fd9427a3d318cf4db0e499eba4b78c8,stockx.io,CNAME,iron-pr-15721.dev1.stockx.io,dev-frontend-external-ingress-a179d7e2a5e860a8.elb.us-east-1.amazonaws.com,Load Balancer
8fd9427a3d318cf4db0e499eba4b78c8,stockx.io,CNAME,iron-pr-15722.dev1.stockx.io,dev-frontend-external-ingress-a179d7e2a5e860a8.elb.us-east-1.amazonaws.com,Load Balancer
8fd9427a3d318cf4db0e499eba4b78c8,stockx.io,CNAME,iron-pr-15723.dev1.stockx.io,dev-frontend-external-ingress-a179d7e2a5e860a8.elb.us-east-1.amazonaws.com,Load Balancer
8fd9427a3d318cf4db0e499eba4b78c8,stockx.io,CNAME,iron-pr-15731.dev1.stockx.io,dev-frontend-external-ingress-a179d7e2a5e860a8.elb.us-east-1.amazonaws.com,Load Balancer
8fd9427a3d318cf4db0e499eba4b78c8,stockx.io,CNAME,iron-pr-15738.dev1.stockx.io,dev-frontend-external-ingress-a179d7e2a5e860a8.elb.us-east-1.amazonaws.com,Load Balancer
8fd9427a3d318cf4db0e499eba4b78c8,stockx.io,CNAME,iron-pr-15747.dev1.stockx.io,dev-frontend-external-ingress-a179d7e2a5e860a8.elb.us-east-1.amazonaws.com,Load Balancer
8fd9427a3d318cf4db0e499eba4b78c8,stockx.io,CNAME,iron-pr-15748.dev1.stockx.io,dev-frontend-external-ingress-a179d7e2a5e860a8.elb.us-east-1.amazonaws.com,Load Balancer
8fd9427a3d318cf4db0e499eba4b78c8,stockx.io,CNAME,iron-pr-15750.dev1.stockx.io,dev-frontend-external-ingress-a179d7e2a5e860a8.elb.us-east-1.amazonaws.com,Load Balancer
8fd9427a3d318cf4db0e499eba4b78c8,stockx.io,CNAME,iron-pr-15767.dev1.stockx.io,dev-frontend-external-ingress-a179d7e2a5e860a8.elb.us-east-1.amazonaws.com,Load Balancer
8fd9427a3d318cf4db0e499eba4b78c8,stockx.io,CNAME,iron-pr-15768.dev1.stockx.io,dev-frontend-external-ingress-a179d7e2a5e860a8.elb.us-east-1.amazonaws.com,Load Balancer
8fd9427a3d318cf4db0e499eba4b78c8,stockx.io,CNAME,iron-pr-15769.dev1.stockx.io,dev-frontend-external-ingress-a179d7e2a5e860a8.elb.us-east-1.amazonaws.com,Load Balancer
8fd9427a3d318cf4db0e499eba4b78c8,stockx.io,CNAME,iron-pr-15773.dev1.stockx.io,dev-frontend-external-ingress-a179d7e2a5e860a8.elb.us-east-1.amazonaws.com,Load Balancer
8fd9427a3d318cf4db0e499eba4b78c8,stockx.io,CNAME,iron-pr-15774.dev1.stockx.io,dev-frontend-external-ingress-a179d7e2a5e860a8.elb.us-east-1.amazonaws.com,Load Balancer
8fd9427a3d318cf4db0e499eba4b78c8,stockx.io,CNAME,iron-pr-15775.dev1.stockx.io,dev-frontend-external-ingress-a179d7e2a5e860a8.elb.us-east-1.amazonaws.com,Load Balancer
8fd9427a3d318cf4db0e499eba4b78c8,stockx.io,CNAME,iron-pr-15776.dev1.stockx.io,dev-frontend-external-ingress-a179d7e2a5e860a8.elb.us-east-1.amazonaws.com,Load Balancer
8fd9427a3d318cf4db0e499eba4b78c8,stockx.io,CNAME,iron-pr-15777.dev1.stockx.io,dev-frontend-external-ingress-a179d7e2a5e860a8.elb.us-east-1.amazonaws.com,Load Balancer
8fd9427a3d318cf4db0e499eba4b78c8,stockx.io,CNAME,iron-pr-15779.dev1.stockx.io,dev-frontend-external-ingress-a179d7e2a5e860a8.elb.us-east-1.amazonaws.com,Load Balancer
8fd9427a3d318cf4db0e499eba4b78c8,stockx.io,CNAME,iron-pr-15854.dev1.stockx.io,dev-frontend-external-ingress-a179d7e2a5e860a8.elb.us-east-1.amazonaws.com,Load Balancer
8fd9427a3d318cf4db0e499eba4b78c8,stockx.io,CNAME,iron-pr-15862.dev1.stockx.io,dev-frontend-external-ingress-a179d7e2a5e860a8.elb.us-east-1.amazonaws.com,Load Balancer
8fd9427a3d318cf4db0e499eba4b78c8,stockx.io,CNAME,iron-pr-15867.dev1.stockx.io,dev-frontend-external-ingress-a179d7e2a5e860a8.elb.us-east-1.amazonaws.com,Load Balancer
8fd9427a3d318cf4db0e499eba4b78c8,stockx.io,CNAME,iron-pr-15876.dev1.stockx.io,dev-frontend-external-ingress-a179d7e2a5e860a8.elb.us-east-1.amazonaws.com,Load Balancer
8fd9427a3d318cf4db0e499eba4b78c8,stockx.io,CNAME,iron-pr-15887.dev1.stockx.io,dev-frontend-external-ingress-a179d7e2a5e860a8.elb.us-east-1.amazonaws.com,Load Balancer
8fd9427a3d318cf4db0e499eba4b78c8,stockx.io,CNAME,iron-pr-15899.dev1.stockx.io,dev-frontend-external-ingress-a179d7e2a5e860a8.elb.us-east-1.amazonaws.com,Load Balancer
8fd9427a3d318cf4db0e499eba4b78c8,stockx.io,CNAME,iron-pr-15905.dev1.stockx.io,dev-frontend-external-ingress-a179d7e2a5e860a8.elb.us-east-1.amazonaws.com,Load Balancer
8fd9427a3d318cf4db0e499eba4b78c8,stockx.io,CNAME,iron-pr-15906.dev1.stockx.io,dev-frontend-external-ingress-a179d7e2a5e860a8.elb.us-east-1.amazonaws.com,Load Balancer
8fd9427a3d318cf4db0e499eba4b78c8,stockx.io,CNAME,iron-pr-15916.dev1.stockx.io,dev-frontend-external-ingress-a179d7e2a5e860a8.elb.us-east-1.amazonaws.com,Load Balancer
8fd9427a3d318cf4db0e499eba4b78c8,stockx.io,CNAME,iron-pr-15926.dev1.stockx.io,dev-frontend-external-ingress-a179d7e2a5e860a8.elb.us-east-1.amazonaws.com,Load Balancer
8fd9427a3d318cf4db0e499eba4b78c8,stockx.io,CNAME,iron-pr-15959.dev1.stockx.io,dev-frontend-external-ingress-a179d7e2a5e860a8.elb.us-east-1.amazonaws.com,Load Balancer
8fd9427a3d318cf4db0e499eba4b78c8,stockx.io,CNAME,iron-pr-15967.dev1.stockx.io,dev-frontend-external-ingress-a179d7e2a5e860a8.elb.us-east-1.amazonaws.com,Load Balancer
8fd9427a3d318cf4db0e499eba4b78c8,stockx.io,CNAME,iron-pr-15992.dev1.stockx.io,dev-frontend-external-ingress-a179d7e2a5e860a8.elb.us-east-1.amazonaws.com,Load Balancer
8fd9427a3d318cf4db0e499eba4b78c8,stockx.io,CNAME,iron-pr-16004.dev1.stockx.io,dev-frontend-external-ingress-a179d7e2a5e860a8.elb.us-east-1.amazonaws.com,Load Balancer
8fd9427a3d318cf4db0e499eba4b78c8,stockx.io,CNAME,iron-pr-16015.dev1.stockx.io,dev-frontend-external-ingress-a179d7e2a5e860a8.elb.us-east-1.amazonaws.com,Load Balancer
8fd9427a3d318cf4db0e499eba4b78c8,stockx.io,CNAME,iron-pr-16061.dev1.stockx.io,dev-frontend-external-ingress-a179d7e2a5e860a8.elb.us-east-1.amazonaws.com,Load Balancer
8fd9427a3d318cf4db0e499eba4b78c8,stockx.io,CNAME,iron-pr-16069.dev1.stockx.io,dev-frontend-external-ingress-a179d7e2a5e860a8.elb.us-east-1.amazonaws.com,Load Balancer
8fd9427a3d318cf4db0e499eba4b78c8,stockx.io,CNAME,iron-pr-16084.dev1.stockx.io,dev-frontend-external-ingress-a179d7e2a5e860a8.elb.us-east-1.amazonaws.com,Load Balancer
8fd9427a3d318cf4db0e499eba4b78c8,stockx.io,CNAME,iron-pr-16103.dev1.stockx.io,dev-frontend-external-ingress-a179d7e2a5e860a8.elb.us-east-1.amazonaws.com,Load Balancer
8fd9427a3d318cf4db0e499eba4b78c8,stockx.io,CNAME,iron-pr-16113.dev1.stockx.io,dev-frontend-external-ingress-a179d7e2a5e860a8.elb.us-east-1.amazonaws.com,Load Balancer
8fd9427a3d318cf4db0e499eba4b78c8,stockx.io,CNAME,iron-pr-16120.dev1.stockx.io,dev-frontend-external-ingress-a179d7e2a5e860a8.elb.us-east-1.amazonaws.com,Load Balancer
8fd9427a3d318cf4db0e499eba4b78c8,stockx.io,CNAME,iron-pr-16122.dev1.stockx.io,dev-frontend-external-ingress-a179d7e2a5e860a8.elb.us-east-1.amazonaws.com,Load Balancer
8fd9427a3d318cf4db0e499eba4b78c8,stockx.io,CNAME,iron-pr-16123.dev1.stockx.io,dev-frontend-external-ingress-a179d7e2a5e860a8.elb.us-east-1.amazonaws.com,Load Balancer
8fd9427a3d318cf4db0e499eba4b78c8,stockx.io,CNAME,iron-pr-16129.dev1.stockx.io,dev-frontend-external-ingress-a179d7e2a5e860a8.elb.us-east-1.amazonaws.com,Load Balancer
8fd9427a3d318cf4db0e499eba4b78c8,stockx.io,CNAME,iron-pr-16143.dev1.stockx.io,dev-frontend-external-ingress-a179d7e2a5e860a8.elb.us-east-1.amazonaws.com,Load Balancer
8fd9427a3d318cf4db0e499eba4b78c8,stockx.io,CNAME,iron-pr-16147.dev1.stockx.io,dev-frontend-external-ingress-a179d7e2a5e860a8.elb.us-east-1.amazonaws.com,Load Balancer
8fd9427a3d318cf4db0e499eba4b78c8,stockx.io,CNAME,iron-pr-16162.dev1.stockx.io,dev-frontend-external-ingress-a179d7e2a5e860a8.elb.us-east-1.amazonaws.com,Load Balancer
8fd9427a3d318cf4db0e499eba4b78c8,stockx.io,CNAME,iron-pr-16170.dev1.stockx.io,dev-frontend-external-ingress-a179d7e2a5e860a8.elb.us-east-1.amazonaws.com,Load Balancer
8fd9427a3d318cf4db0e499eba4b78c8,stockx.io,CNAME,iron-pr-16182.dev1.stockx.io,dev-frontend-external-ingress-a179d7e2a5e860a8.elb.us-east-1.amazonaws.com,Load Balancer
8fd9427a3d318cf4db0e499eba4b78c8,stockx.io,CNAME,iron-pr-16186.dev1.stockx.io,dev-frontend-external-ingress-a179d7e2a5e860a8.elb.us-east-1.amazonaws.com,Load Balancer
8fd9427a3d318cf4db0e499eba4b78c8,stockx.io,CNAME,iron-pr-16188.dev1.stockx.io,dev-frontend-external-ingress-a179d7e2a5e860a8.elb.us-east-1.amazonaws.com,Load Balancer
8fd9427a3d318cf4db0e499eba4b78c8,stockx.io,CNAME,iron-pr-16196.dev1.stockx.io,dev-frontend-external-ingress-a179d7e2a5e860a8.elb.us-east-1.amazonaws.com,Load Balancer
8fd9427a3d318cf4db0e499eba4b78c8,stockx.io,CNAME,iron-pr-16197.dev1.stockx.io,dev-frontend-external-ingress-a179d7e2a5e860a8.elb.us-east-1.amazonaws.com,Load Balancer
8fd9427a3d318cf4db0e499eba4b78c8,stockx.io,CNAME,iron-pr-16200.dev1.stockx.io,dev-frontend-external-ingress-a179d7e2a5e860a8.elb.us-east-1.amazonaws.com,Load Balancer
8fd9427a3d318cf4db0e499eba4b78c8,stockx.io,CNAME,iron-pr-16201.dev1.stockx.io,dev-frontend-external-ingress-a179d7e2a5e860a8.elb.us-east-1.amazonaws.com,Load Balancer
8fd9427a3d318cf4db0e499eba4b78c8,stockx.io,CNAME,iron-pr-16211.dev1.stockx.io,dev-frontend-external-ingress-a179d7e2a5e860a8.elb.us-east-1.amazonaws.com,Load Balancer
8fd9427a3d318cf4db0e499eba4b78c8,stockx.io,CNAME,iron-pr-16217.dev1.stockx.io,dev-frontend-external-ingress-a179d7e2a5e860a8.elb.us-east-1.amazonaws.com,Load Balancer
8fd9427a3d318cf4db0e499eba4b78c8,stockx.io,CNAME,iron-pr-16221.dev1.stockx.io,dev-frontend-external-ingress-a179d7e2a5e860a8.elb.us-east-1.amazonaws.com,Load Balancer
8fd9427a3d318cf4db0e499eba4b78c8,stockx.io,CNAME,iron-pr-16222.dev1.stockx.io,dev-frontend-external-ingress-a179d7e2a5e860a8.elb.us-east-1.amazonaws.com,Load Balancer
8fd9427a3d318cf4db0e499eba4b78c8,stockx.io,CNAME,iron-pr-16223.dev1.stockx.io,dev-frontend-external-ingress-a179d7e2a5e860a8.elb.us-east-1.amazonaws.com,Load Balancer
8fd9427a3d318cf4db0e499eba4b78c8,stockx.io,CNAME,iron-pr-16224.dev1.stockx.io,dev-frontend-external-ingress-a179d7e2a5e860a8.elb.us-east-1.amazonaws.com,Load Balancer
8fd9427a3d318cf4db0e499eba4b78c8,stockx.io,CNAME,ld-relay.dev1.stockx.io,dev-external-ingress-403bcf977a9de392.elb.us-east-1.amazonaws.com,Load Balancer
8fd9427a3d318cf4db0e499eba4b78c8,stockx.io,CNAME,logistics-rules.dev1.stockx.io,dev-frontend-external-ingress-a179d7e2a5e860a8.elb.us-east-1.amazonaws.com,Load Balancer
8fd9427a3d318cf4db0e499eba4b78c8,stockx.io,CNAME,logistics-rules-engine.dev1.stockx.io,dev-external-ingress-403bcf977a9de392.elb.us-east-1.amazonaws.com,Load Balancer
8fd9427a3d318cf4db0e499eba4b78c8,stockx.io,CNAME,market-statistics.dev1.stockx.io,dev-external-ingress-403bcf977a9de392.elb.us-east-1.amazonaws.com,Load Balancer
8fd9427a3d318cf4db0e499eba4b78c8,stockx.io,CNAME,matcher-accuracy-service.dev1.stockx.io,dev-external-ingress-403bcf977a9de392.elb.us-east-1.amazonaws.com,Load Balancer
8fd9427a3d318cf4db0e499eba4b78c8,stockx.io,CNAME,match-results-shim.dev1.stockx.io,dev-external-ingress-403bcf977a9de392.elb.us-east-1.amazonaws.com,Load Balancer
8fd9427a3d318cf4db0e499eba4b78c8,stockx.io,CNAME,money-datahub.dev1.stockx.io,dev-external-ingress-403bcf977a9de392.elb.us-east-1.amazonaws.com,Load Balancer
8fd9427a3d318cf4db0e499eba4b78c8,stockx.io,CNAME,money.dev1.stockx.io,dev-external-ingress-403bcf977a9de392.elb.us-east-1.amazonaws.com,Load Balancer
8fd9427a3d318cf4db0e499eba4b78c8,stockx.io,CNAME,money-meta.dev1.stockx.io,dev-external-ingress-403bcf977a9de392.elb.us-east-1.amazonaws.com,Load Balancer
8fd9427a3d318cf4db0e499eba4b78c8,stockx.io,CNAME,money-scripting.dev1.stockx.io,dev-external-ingress-403bcf977a9de392.elb.us-east-1.amazonaws.com,Load Balancer
8fd9427a3d318cf4db0e499eba4b78c8,stockx.io,CNAME,ms-dynamics-localization-adapter.dev1.stockx.io,dev-external-ingress-403bcf977a9de392.elb.us-east-1.amazonaws.com,Load Balancer
8fd9427a3d318cf4db0e499eba4b78c8,stockx.io,CNAME,notification-subscriptions.dev1.stockx.io,dev-external-ingress-403bcf977a9de392.elb.us-east-1.amazonaws.com,Load Balancer
8fd9427a3d318cf4db0e499eba4b78c8,stockx.io,CNAME,notification-testing-api.dev1.stockx.io,dev-external-ingress-403bcf977a9de392.elb.us-east-1.amazonaws.com,Load Balancer
8fd9427a3d318cf4db0e499eba4b78c8,stockx.io,CNAME,notification-worker.dev1.stockx.io,dev-external-ingress-403bcf977a9de392.elb.us-east-1.amazonaws.com,Load Balancer
8fd9427a3d318cf4db0e499eba4b78c8,stockx.io,CNAME,opstracks.dev1.stockx.io,dev-external-ingress-403bcf977a9de392.elb.us-east-1.amazonaws.com,Load Balancer
8fd9427a3d318cf4db0e499eba4b78c8,stockx.io,CNAME,order-commands.dev1.stockx.io,dev-external-ingress-403bcf977a9de392.elb.us-east-1.amazonaws.com,Load Balancer
8fd9427a3d318cf4db0e499eba4b78c8,stockx.io,CNAME,order-status.dev1.stockx.io,dev-external-ingress-403bcf977a9de392.elb.us-east-1.amazonaws.com,Load Balancer
8fd9427a3d318cf4db0e499eba4b78c8,stockx.io,CNAME,payments.dev1.stockx.io,dev-external-ingress-403bcf977a9de392.elb.us-east-1.amazonaws.com,Load Balancer
8fd9427a3d318cf4db0e499eba4b78c8,stockx.io,CNAME,payouts.dev1.stockx.io,dev-external-ingress-403bcf977a9de392.elb.us-east-1.amazonaws.com,Load Balancer
8fd9427a3d318cf4db0e499eba4b78c8,stockx.io,CNAME,personalization.dev1.stockx.io,dev-external-ingress-403bcf977a9de392.elb.us-east-1.amazonaws.com,Load Balancer
8fd9427a3d318cf4db0e499eba4b78c8,stockx.io,CNAME,qa-dashboard-api.dev1.stockx.io,dev-external-ingress-403bcf977a9de392.elb.us-east-1.amazonaws.com,Load Balancer
8fd9427a3d318cf4db0e499eba4b78c8,stockx.io,CNAME,qa-dashboard-web.dev1.stockx.io,dev-external-ingress-403bcf977a9de392.elb.us-east-1.amazonaws.com,Load Balancer
8fd9427a3d318cf4db0e499eba4b78c8,stockx.io,CNAME,qa.dev1.stockx.io,dev-frontend-external-ingress-a179d7e2a5e860a8.elb.us-east-1.amazonaws.com,Load Balancer
8fd9427a3d318cf4db0e499eba4b78c8,stockx.io,CNAME,qe-dashboard.dev1.stockx.io,dev-external-ingress-403bcf977a9de392.elb.us-east-1.amazonaws.com,Load Balancer
8fd9427a3d318cf4db0e499eba4b78c8,stockx.io,CNAME,restiql-countries.dev1.stockx.io,dev-external-ingress-403bcf977a9de392.elb.us-east-1.amazonaws.com,Load Balancer
8fd9427a3d318cf4db0e499eba4b78c8,stockx.io,CNAME,restiql-notifications.dev1.stockx.io,dev-external-ingress-403bcf977a9de392.elb.us-east-1.amazonaws.com,Load Balancer
8fd9427a3d318cf4db0e499eba4b78c8,stockx.io,CNAME,restiql-pablo-browse.dev1.stockx.io,dev-external-ingress-403bcf977a9de392.elb.us-east-1.amazonaws.com,Load Balancer
8fd9427a3d318cf4db0e499eba4b78c8,stockx.io,CNAME,restiql-pablo-market.dev1.stockx.io,dev-external-ingress-403bcf977a9de392.elb.us-east-1.amazonaws.com,Load Balancer
8fd9427a3d318cf4db0e499eba4b78c8,stockx.io,CNAME,restiql-pablo-products.dev1.stockx.io,dev-external-ingress-403bcf977a9de392.elb.us-east-1.amazonaws.com,Load Balancer
8fd9427a3d318cf4db0e499eba4b78c8,stockx.io,CNAME,restiql-public-api.dev1.stockx.io,dev-external-ingress-403bcf977a9de392.elb.us-east-1.amazonaws.com,Load Balancer
8fd9427a3d318cf4db0e499eba4b78c8,stockx.io,CNAME,scoutapp.dev1.stockx.io,dev-external-ingress-403bcf977a9de392.elb.us-east-1.amazonaws.com,Load Balancer
8fd9427a3d318cf4db0e499eba4b78c8,stockx.io,CNAME,seller-enforcement.dev1.stockx.io,dev-external-ingress-403bcf977a9de392.elb.us-east-1.amazonaws.com,Load Balancer
8fd9427a3d318cf4db0e499eba4b78c8,stockx.io,CNAME,seller-listing.dev1.stockx.io,dev-external-ingress-403bcf977a9de392.elb.us-east-1.amazonaws.com,Load Balancer
8fd9427a3d318cf4db0e499eba4b78c8,stockx.io,CNAME,seller-listing-query.dev1.stockx.io,dev-external-ingress-403bcf977a9de392.elb.us-east-1.amazonaws.com,Load Balancer
8fd9427a3d318cf4db0e499eba4b78c8,stockx.io,CNAME,seller-penalty.dev1.stockx.io,dev-external-ingress-403bcf977a9de392.elb.us-east-1.amazonaws.com,Load Balancer
8fd9427a3d318cf4db0e499eba4b78c8,stockx.io,CNAME,seller-policy.dev1.stockx.io,dev-external-ingress-403bcf977a9de392.elb.us-east-1.amazonaws.com,Load Balancer
8fd9427a3d318cf4db0e499eba4b78c8,stockx.io,CNAME,seller-profile.dev1.stockx.io,dev-external-ingress-403bcf977a9de392.elb.us-east-1.amazonaws.com,Load Balancer
8fd9427a3d318cf4db0e499eba4b78c8,stockx.io,CNAME,seller-promotions.dev1.stockx.io,dev-external-ingress-403bcf977a9de392.elb.us-east-1.amazonaws.com,Load Balancer
8fd9427a3d318cf4db0e499eba4b78c8,stockx.io,CNAME,sell-fee-management.dev1.stockx.io,dev-external-ingress-403bcf977a9de392.elb.us-east-1.amazonaws.com,Load Balancer
8fd9427a3d318cf4db0e499eba4b78c8,stockx.io,CNAME,server-side-events-processor.dev1.stockx.io,dev-external-ingress-403bcf977a9de392.elb.us-east-1.amazonaws.com,Load Balancer
8fd9427a3d318cf4db0e499eba4b78c8,stockx.io,CNAME,shipments.dev1.stockx.io,dev-external-ingress-403bcf977a9de392.elb.us-east-1.amazonaws.com,Load Balancer
8fd9427a3d318cf4db0e499eba4b78c8,stockx.io,CNAME,shipping-carriers.dev1.stockx.io,dev-external-ingress-403bcf977a9de392.elb.us-east-1.amazonaws.com,Load Balancer
8fd9427a3d318cf4db0e499eba4b78c8,stockx.io,CNAME,shipping-fee-management.dev1.stockx.io,dev-external-ingress-403bcf977a9de392.elb.us-east-1.amazonaws.com,Load Balancer
8fd9427a3d318cf4db0e499eba4b78c8,stockx.io,CNAME,sitemap-generator.dev1.stockx.io,dev-external-ingress-403bcf977a9de392.elb.us-east-1.amazonaws.com,Load Balancer
8fd9427a3d318cf4db0e499eba4b78c8,stockx.io,CNAME,smartling-cca-dbservice.dev1.stockx.io,dev-external-ingress-403bcf977a9de392.elb.us-east-1.amazonaws.com,Load Balancer
8fd9427a3d318cf4db0e499eba4b78c8,stockx.io,CNAME,smartling-cca-salsify-adapter.dev1.stockx.io,dev-external-ingress-403bcf977a9de392.elb.us-east-1.amazonaws.com,Load Balancer
8fd9427a3d318cf4db0e499eba4b78c8,stockx.io,CNAME,smartling-cca-scheduler.dev1.stockx.io,dev-external-ingress-403bcf977a9de392.elb.us-east-1.amazonaws.com,Load Balancer
8fd9427a3d318cf4db0e499eba4b78c8,stockx.io,CNAME,smartling-cca-trp.dev1.stockx.io,dev-external-ingress-403bcf977a9de392.elb.us-east-1.amazonaws.com,Load Balancer
8fd9427a3d318cf4db0e499eba4b78c8,stockx.io,CNAME,smartling-repository-connector.dev1.stockx.io,dev-external-ingress-403bcf977a9de392.elb.us-east-1.amazonaws.com,Load Balancer
8fd9427a3d318cf4db0e499eba4b78c8,stockx.io,CNAME,sms.dev1.stockx.io,dev-external-ingress-403bcf977a9de392.elb.us-east-1.amazonaws.com,Load Balancer
8fd9427a3d318cf4db0e499eba4b78c8,stockx.io,CNAME,sqrl.dev1.stockx.io,dev-external-ingress-403bcf977a9de392.elb.us-east-1.amazonaws.com,Load Balancer
8fd9427a3d318cf4db0e499eba4b78c8,stockx.io,CNAME,stockx-baker.dev1.stockx.io,dev-external-ingress-403bcf977a9de392.elb.us-east-1.amazonaws.com,Load Balancer
8fd9427a3d318cf4db0e499eba4b78c8,stockx.io,CNAME,suggested-search.dev1.stockx.io,dev-external-ingress-403bcf977a9de392.elb.us-east-1.amazonaws.com,Load Balancer
8fd9427a3d318cf4db0e499eba4b78c8,stockx.io,CNAME,trade-policy.dev1.stockx.io,dev-external-ingress-403bcf977a9de392.elb.us-east-1.amazonaws.com,Load Balancer
8fd9427a3d318cf4db0e499eba4b78c8,stockx.io,CNAME,user-data.dev1.stockx.io,dev-external-ingress-403bcf977a9de392.elb.us-east-1.amazonaws.com,Load Balancer
8fd9427a3d318cf4db0e499eba4b78c8,stockx.io,CNAME,vault.service.dev-frontend.stockx.io,dev-frontend-internal-ingress-4cc1b05a1c4e2a63.elb.us-east-1.amazonaws.com,Load Balancer
8fd9427a3d318cf4db0e499eba4b78c8,stockx.io,CNAME,vault.service.dev-sandbox-redux.stockx.io,a482fec1373b911eab6c902cb657aebb-3ea5e9e645bbc611.elb.us-east-1.amazonaws.com,Load Balancer
8fd9427a3d318cf4db0e499eba4b78c8,stockx.io,CNAME,vault.service.ipspace-sandbox.stockx.io,a482111181f24477182d4accaebf0e98-9c0fa3a39ac10548.elb.us-east-1.amazonaws.com,Load Balancer
8fd9427a3d318cf4db0e499eba4b78c8,stockx.io,CNAME,vault.service.playground-sandbox.stockx.io,playground-eks-internal-lb-288caecf3fa71a50.elb.us-east-1.amazonaws.com,Load Balancer
8fd9427a3d318cf4db0e499eba4b78c8,stockx.io,CNAME,verification.dev1.stockx.io,dev-external-ingress-403bcf977a9de392.elb.us-east-1.amazonaws.com,Load Balancer
8fd9427a3d318cf4db0e499eba4b78c8,stockx.io,CNAME,viper.dev1.stockx.io,dev-frontend-external-ingress-a179d7e2a5e860a8.elb.us-east-1.amazonaws.com,Load Balancer
8fd9427a3d318cf4db0e499eba4b78c8,stockx.io,CNAME,viper-pit.dev1.stockx.io,dev-frontend-external-ingress-a179d7e2a5e860a8.elb.us-east-1.amazonaws.com,Load Balancer
